{
  "version": "v3.9-longmem-trained",
  "feature_names": [
    "file_path",
    "ticket",
    "channel",
    "pkg_mention",
    "line_range",
    "decision_kw",
    "code_call",
    "proper_name",
    "quantity",
    "inline_code",
    "bare_ack",
    "topic_shift",
    "short_question",
    "log_length"
  ],
  "W": [
    -0.0419274315629634,
    0,
    0.16713836767831944,
    0,
    0,
    -0.5245752160044587,
    0,
    -0.42968460839770767,
    -0.35884643346945316,
    -0.17417788496594483,
    0,
    -0.9273209855590823,
    -0.3617219488130915,
    -3.252685070093611
  ],
  "b": 3.1259577318948097,
  "threshold": 0.5,
  "training": {
    "n": 10960,
    "tp": 564,
    "fp": 3862,
    "tn": 6202,
    "fn": 332,
    "prec": 0.1274288296430185,
    "rec": 0.629464285714285,
    "f1": 0.21195039458822046
  }
}